Location,ts_guid,REF_DATE,DGUID_y,Arthritis (15 years and over),Asthma,"Body mass index, adjusted self-reported, adult (18 years and over), obese","Body mass index, adjusted self-reported, adult (18 years and over), overweight","Body mass index, self-reported, youth (12 to 17 years old), overweight or obese",Breast milk feeding initiation,Chronic obstructive pulmonary disease (COPD; 35 years and over),"Current smoker, daily","Current smoker, daily or occasional",Diabetes,"Exclusive breastfeeding, at least 6 months",Has a regular healthcare provider,Heavy drinking,High blood pressure,Influenza immunization in the past 12 months,"Life satisfaction, satisfied or very satisfied",Mood disorder,"Perceived health, fair or poor","Perceived health, very good or excellent","Perceived life stress, most days quite a bit or extremely stressful","Perceived mental health, fair or poor","Perceived mental health, very good or excellent","Physical activity, 150 minutes per week, adult (18 years and over)","Physical activity, average 60 minutes per day, youth (12 to 17 years old)","Sense of belonging to local community, somewhat strong or very strong"
Brant County Health Unit,00073527,2017/2018,2015A00073527,23.8,11.1,38.1,29.3,23.5,93.6,6.4,20.1,24.2,9.0,51.3,90.3,22.3,18.1,31.7,90.9,10.7,15.2,49.0,17.1,9.9,67.5,52.9,55.2,69.4
Chatham-Kent Health Unit,00073540,2017/2018,2015A00073540,23.9,9.0,35.8,35.4,34.6,84.8,4.9,11.7,14.7,8.6,,92.9,18.4,25.8,32.2,93.1,10.6,11.8,61.9,14.9,8.2,69.2,53.9,62.9,76.8
City of Hamilton Health Unit,00073537,2017/2018,2015A00073537,24.5,7.4,26.8,36.8,23.9,70.9,5.0,12.6,16.9,8.4,33.3,91.4,19.8,17.9,34.5,92.6,11.5,15.1,61.0,24.4,7.4,69.9,50.8,60.8,70.7
City of Ottawa Health Unit,00073551,2017/2018,2015A00073551,16.0,10.2,21.7,43.4,21.5,90.0,2.9,8.5,12.8,5.2,32.0,88.2,19.9,13.5,40.0,95.3,9.8,7.7,66.0,22.4,9.3,67.7,66.4,61.1,69.3
City of Toronto Health Unit,00073595,2017/2018,2015A00073595,15.3,7.8,20.0,34.7,20.7,91.7,2.2,9.2,13.3,7.2,30.4,86.1,14.0,15.8,35.8,92.7,7.3,10.1,60.0,22.2,7.8,70.0,56.5,62.4,67.1
Durham Regional Health Unit,00073530,2017/2018,2015A00073530,19.0,9.4,30.7,34.8,19.4,92.3,4.1,10.9,15.2,8.7,,92.6,18.3,16.6,31.2,94.8,9.4,8.2,68.0,21.5,7.9,72.6,55.0,56.4,70.9
Elgin-St. Thomas Health Unit,00073531,2017/2018,2015A00073531,22.9,6.3,35.9,33.2,32.9,100.0,5.2,15.3,19.3,10.3,43.1,94.2,18.4,23.0,34.9,91.9,12.9,14.2,58.9,17.8,10.8,67.3,58.0,63.7,72.7
Grey Bruce Health Unit,00073533,2017/2018,2015A00073533,26.9,6.2,35.7,36.2,21.9,97.4,7.5,17.4,20.6,6.1,44.1,90.6,21.0,21.0,34.4,92.9,9.0,15.4,59.8,21.5,6.6,69.1,55.6,46.6,75.2
Haldimand-Norfolk Health Unit,00073534,2017/2018,2015A00073534,23.3,5.4,28.6,35.5,40.5,94.1,7.5,15.7,21.4,10.2,,95.3,18.4,17.4,33.5,93.3,10.5,13.4,61.7,21.4,6.2,66.7,49.4,61.4,75.7
"Haliburton, Kawartha, Pine Ridge District Health Unit",00073535,2017/2018,2015A00073535,27.6,10.4,32.0,38.8,22.6,,7.8,13.9,19.0,10.1,,92.5,21.9,23.6,37.8,94.3,12.9,12.7,56.9,17.1,9.4,69.7,58.9,66.6,73.2
Halton Regional Health Unit,00073536,2017/2018,2015A00073536,15.4,6.9,24.2,39.2,35.2,90.8,2.7,6.5,11.7,4.5,43.4,93.7,19.3,17.8,33.7,94.2,7.2,9.1,69.8,23.4,7.0,76.1,60.9,57.6,75.9
Hastings and Prince Edward Counties Health Unit,00073538,2017/2018,2015A00073538,25.7,9.0,35.1,32.5,52.3,91.1,7.9,21.5,25.2,9.6,,88.4,27.6,21.1,36.7,92.3,11.3,14.7,58.9,21.7,6.1,67.7,52.0,44.9,72.3
Huron County Health Unit,00073539,2017/2018,2015A00073539,24.1,10.3,35.1,34.0,30.0,86.9,3.4,16.0,18.7,10.2,,94.0,22.8,21.7,37.6,95.0,9.3,11.5,64.4,18.6,5.6,69.9,58.5,33.4,78.9
"Kingston, Frontenac and Lennox and Addington Health Unit",00073541,2017/2018,2015A00073541,26.3,11.1,30.0,37.9,24.4,78.8,7.9,12.2,18.1,7.8,43.9,91.1,25.2,18.3,44.2,93.0,12.1,14.1,60.7,19.6,8.3,70.1,58.4,55.5,74.6
Lambton Health Unit,00073542,2017/2018,2015A00073542,27.0,10.3,30.0,39.2,,87.8,6.0,16.1,20.4,9.3,45.6,93.8,22.9,20.1,33.7,90.5,12.1,14.1,58.4,20.1,7.9,61.7,50.0,54.9,72.8
"Leeds, Grenville and Lanark District Health Unit",00073543,2017/2018,2015A00073543,28.1,11.6,34.0,39.6,29.9,95.5,6.7,16.7,21.1,7.7,57.0,94.5,19.9,21.4,39.8,92.1,15.5,14.4,57.0,20.0,8.8,67.1,55.6,69.3,67.8
Middlesex-London Health Unit,00073544,2017/2018,2015A00073544,20.0,6.7,29.6,35.4,32.4,80.2,4.5,11.5,14.8,5.4,32.3,88.8,19.5,17.1,39.6,91.8,12.5,12.8,59.6,23.6,11.1,59.5,52.5,56.8,65.5
Niagara Regional Area Health Unit,00073546,2017/2018,2015A00073546,23.4,6.9,29.0,39.1,24.4,90.9,5.5,12.2,18.1,7.4,28.2,91.1,22.5,21.6,32.3,91.0,12.2,12.9,57.0,21.3,9.4,66.2,53.6,69.6,68.5
North Bay Parry Sound District Health Unit,00073547,2017/2018,2015A00073547,27.3,7.7,30.7,40.1,,79.2,9.1,15.6,20.8,7.6,,93.3,22.0,21.9,34.0,92.2,11.5,12.5,58.1,22.7,8.1,71.7,56.4,48.2,68.5
Northwestern Health Unit,00073549,2017/2018,2015A00073549,29.4,9.8,33.6,38.1,,91.9,4.8,15.5,19.0,9.4,55.6,83.4,24.6,21.8,34.4,94.4,10.6,12.3,55.1,20.2,7.3,67.3,52.8,72.2,79.9
Oxford County Health Unit,00073552,2017/2018,2015A00073552,21.7,9.4,35.4,35.9,34.2,98.5,5.5,13.2,16.1,6.8,50.6,94.3,20.8,17.3,28.8,90.2,9.8,12.7,60.8,28.0,6.3,65.1,51.3,64.7,69.9
Peel Regional Health Unit,00073553,2017/2018,2015A00073553,16.3,6.0,21.7,41.7,29.6,98.6,3.2,8.1,12.5,9.7,39.8,91.4,10.7,18.5,30.6,93.2,7.5,10.6,57.7,21.8,6.0,70.2,47.0,48.2,72.5
Perth District Health Unit,00073554,2017/2018,2015A00073554,23.9,11.0,38.7,31.3,,81.9,5.5,14.1,18.5,9.0,,94.8,21.0,18.9,35.9,93.8,9.9,10.7,58.2,20.4,6.9,71.1,57.4,58.2,79.5
Peterborough County - City Health Unit,00073555,2017/2018,2015A00073555,23.5,9.8,32.2,34.8,,77.8,4.5,13.8,19.6,6.6,,91.3,23.1,21.3,38.5,93.0,14.2,12.3,63.4,18.1,7.8,68.6,62.2,76.8,76.7
Porcupine Health Unit,00073556,2017/2018,2015A00073556,26.4,14.1,39.5,31.8,45.2,,6.8,18.3,23.8,14.4,,86.6,25.3,24.2,31.7,88.8,13.5,20.5,54.7,20.1,10.7,65.3,48.1,68.2,71.4
Renfrew County and District Health Unit,00073557,2017/2018,2015A00073557,28.0,8.0,34.1,38.3,27.4,96.2,7.2,15.2,19.4,5.7,,87.1,21.3,19.4,37.4,94.2,9.6,11.9,60.2,17.0,8.6,73.3,56.4,70.8,81.2
Simcoe Muskoka District Health Unit,00073560,2017/2018,2015A00073560,20.2,8.7,32.9,32.8,26.7,96.9,5.5,14.3,19.5,6.1,49.6,92.8,23.4,17.2,36.1,93.3,10.5,12.0,64.2,22.0,8.8,66.4,59.8,56.9,75.2
Sudbury and District Health Unit,00073561,2017/2018,2015A00073561,24.1,8.5,31.9,38.0,26.3,79.0,7.3,18.6,23.5,9.4,,87.4,23.9,22.9,31.9,92.7,12.6,15.6,56.2,23.1,8.5,64.6,49.9,58.0,72.4
The District of Algoma Health Unit,00073526,2017/2018,2015A00073526,29.0,11.2,38.7,33.2,29.2,87.1,7.9,15.6,20.9,11.0,,88.7,23.5,24.6,31.2,92.3,11.9,15.4,55.2,19.9,8.0,66.6,55.7,59.9,79.0
The Eastern Ontario Health Unit,00073558,2017/2018,2015A00073558,26.1,11.7,35.7,36.6,42.2,86.2,8.2,15.8,18.5,10.5,,91.7,20.4,19.1,31.7,92.8,8.3,13.1,57.9,18.0,7.4,69.9,53.6,61.2,68.1
Thunder Bay District Health Unit,00073562,2017/2018,2015A00073562,25.1,8.3,39.1,34.7,32.5,97.3,4.3,14.8,18.3,7.9,,86.6,23.6,23.3,35.6,91.7,11.4,13.0,58.8,20.4,6.6,66.0,57.2,64.6,75.2
Timiskaming Health Unit,00073563,2017/2018,2015A00073563,27.4,11.0,36.7,37.0,,,8.4,13.9,19.8,9.9,,85.5,22.7,25.6,34.7,90.2,14.9,19.1,55.8,23.7,11.8,60.2,42.8,71.6,74.6
Waterloo Health Unit,00073565,2017/2018,2015A00073565,17.0,6.9,27.2,33.8,33.3,97.3,3.3,12.5,16.5,8.6,58.4,90.1,19.2,18.0,29.9,93.7,9.8,12.1,59.4,19.9,7.7,64.6,58.7,60.3,68.9
Wellington-Dufferin-Guelph Health Unit,00073566,2017/2018,2015A00073566,17.7,8.1,28.8,38.2,23.1,99.4,4.7,9.6,14.9,5.6,59.2,91.4,20.3,16.0,31.0,92.9,12.4,10.7,66.4,24.5,10.7,66.8,56.7,49.7,74.4
Windsor-Essex County Health Unit,00073568,2017/2018,2015A00073568,22.1,7.1,32.3,35.3,23.9,87.9,4.7,14.2,17.3,8.1,30.1,87.6,18.8,21.0,33.6,93.2,9.3,14.5,58.4,20.3,7.5,73.3,51.1,49.0,73.0
York Regional Health Unit,00073570,2017/2018,2015A00073570,17.1,5.1,16.4,37.9,24.1,98.3,2.0,6.2,10.5,7.7,44.0,93.3,12.1,17.6,31.6,94.4,5.0,8.0,59.3,20.8,6.7,71.2,48.7,53.6,70.3
